{
    "layernum[2]_bsz1_seq2048": 15.0786208152771,
    "layernum[2]_bsz2_seq2048": 24.93551368713379,
    "layernum[2]_bsz3_seq2048": 35.22544975280761,
    "layernum[2]_bsz4_seq2048": 45.43589096069336,
    "layernum[2]_bsz5_seq2048": 55.63043518066405,
    "layernum[2]_bsz6_seq2048": 66.18803558349609,
    "layernum[2]_bsz7_seq2048": 76.63746871948243,
    "layernum[2]_bsz9_seq2048": 97.46727600097657,
    "layernum[2]_bsz10_seq2048": 107.95948715209961,
    "layernum[2]_bsz11_seq2048": 118.88045196533203,
    "layernum[2]_bsz12_seq2048": 129.2233108520508,
    "layernum[2]_bsz8_seq2048": 86.66073913574219,
    "layernum[4]_bsz1_seq2048": 23.87112617492676,
    "layernum[4]_bsz2_seq2048": 42.117263793945305,
    "layernum[4]_bsz3_seq2048": 60.21378898620607,
    "layernum[4]_bsz4_seq2048": 78.43060150146484,
    "layernum[4]_bsz5_seq2048": 95.78504257202147,
    "layernum[4]_bsz6_seq2048": 114.59084396362303,
    "layernum[4]_bsz7_seq2048": 132.30372772216796,
    "layernum[4]_bsz8_seq2048": 149.65230712890624,
    "layernum[4]_bsz9_seq2048": 168.73409576416014,
    "layernum[4]_bsz10_seq2048": 186.7635665893555,
    "layernum[4]_bsz11_seq2048": 205.59907226562498,
    "layernum[4]_bsz12_seq2048": 223.25952301025393,
    "layertype_0_bsz1_seq2048": 4.396252679824831,
    "layertype_other_bsz1_seq2048": 6.286115455627439,
    "layertype_0_bsz2_seq2048": 4.295437526702879,
    "layertype_other_bsz2_seq2048": 3.8768817901611357,
    "layertype_0_bsz3_seq2048": 4.16472320556641,
    "layertype_other_bsz3_seq2048": 3.412370173136386,
    "layertype_0_bsz4_seq2048": 4.124338817596435,
    "layertype_other_bsz4_seq2048": 3.1102951049804695,
    "layertype_0_bsz5_seq2048": 4.015460739135742,
    "layertype_other_bsz5_seq2048": 3.095165557861327,
    "layertype_0_bsz6_seq2048": 4.033567365010579,
    "layertype_other_bsz6_seq2048": 2.9642045338948577,
    "layertype_0_bsz7_seq2048": 3.9761613573346812,
    "layertype_other_bsz7_seq2048": 2.995887102399556,
    "layertype_0_bsz8_seq2048": 3.9369729995727534,
    "layertype_other_bsz8_seq2048": 2.958646392822267,
    "layertype_0_bsz9_seq2048": 3.95926776462131,
    "layertype_other_bsz9_seq2048": 2.9111618041992213,
    "layertype_0_bsz10_seq2048": 3.940203971862794,
    "layertype_other_bsz10_seq2048": 2.9155407714843733,
    "layertype_0_bsz11_seq2048": 3.9417554681951343,
    "layertype_other_bsz11_seq2048": 2.9238028786399157,
    "layertype_0_bsz12_seq2048": 3.9181755065917976,
    "layertype_other_bsz12_seq2048": 2.932258224487304
}