{
    "1_1_8_sp": {
        "layernum[1]_bsz8_seq2048_rank0_ms": 904.3330078125,
        "layernum[1]_bsz8_seq2048_rank0_act": 828.607421875,
        "layernum[1]_bsz8_seq2048_rank0_act_peak": 1357.1357421875,
        "layernum[1]_bsz8_seq2048_rank7_ms": 904.3330078125,
        "layernum[1]_bsz8_seq2048_rank7_act": 828.607421875,
        "layernum[1]_bsz8_seq2048_rank7_act_peak": 1357.1357421875,
        "layernum[2]_bsz8_seq2048_rank0_ms": 1292.37255859375,
        "layernum[2]_bsz8_seq2048_rank0_act": 1343.1708984375,
        "layernum[2]_bsz8_seq2048_rank0_act_peak": 1835.6875,
        "layernum[2]_bsz8_seq2048_rank7_ms": 1292.37255859375,
        "layernum[2]_bsz8_seq2048_rank7_act": 1343.1708984375,
        "layernum[2]_bsz8_seq2048_rank7_act_peak": 1835.6875
    },
    "1_2_4_sp": {
        "layernum[1]_bsz8_seq2048_rank0_ms": 968.3642578125,
        "layernum[1]_bsz8_seq2048_rank0_act": 860.607421875,
        "layernum[1]_bsz8_seq2048_rank0_act_peak": 1389.1318359375,
        "layernum[1]_bsz8_seq2048_rank7_ms": 968.3642578125,
        "layernum[1]_bsz8_seq2048_rank7_act": 860.607421875,
        "layernum[1]_bsz8_seq2048_rank7_act_peak": 1389.1318359375,
        "layernum[2]_bsz8_seq2048_rank0_ms": 1356.41943359375,
        "layernum[2]_bsz8_seq2048_rank0_act": 1407.1708984375,
        "layernum[2]_bsz8_seq2048_rank0_act_peak": 1839.181640625,
        "layernum[2]_bsz8_seq2048_rank7_ms": 1356.41943359375,
        "layernum[2]_bsz8_seq2048_rank7_act": 1407.1708984375,
        "layernum[2]_bsz8_seq2048_rank7_act_peak": 1839.181640625
    },
    "1_2_4_vtp_sp": {
        "layernum[1]_bsz8_seq2048_rank0_ms": 968.46533203125,
        "layernum[1]_bsz8_seq2048_rank0_act": 860.68994140625,
        "layernum[1]_bsz8_seq2048_rank0_act_peak": 1264.2431640625,
        "layernum[1]_bsz8_seq2048_rank7_ms": 968.46533203125,
        "layernum[1]_bsz8_seq2048_rank7_act": 860.68994140625,
        "layernum[1]_bsz8_seq2048_rank7_act_peak": 1264.2431640625,
        "layernum[2]_bsz8_seq2048_rank0_ms": 1356.5205078125,
        "layernum[2]_bsz8_seq2048_rank0_act": 1407.25341796875,
        "layernum[2]_bsz8_seq2048_rank0_act_peak": 1714.29296875,
        "layernum[2]_bsz8_seq2048_rank7_ms": 1356.5205078125,
        "layernum[2]_bsz8_seq2048_rank7_act": 1407.25341796875,
        "layernum[2]_bsz8_seq2048_rank7_act_peak": 1714.29296875
    },
    "1_4_2_sp": {
        "layernum[1]_bsz8_seq2048_rank0_ms": 1032.3955078125,
        "layernum[1]_bsz8_seq2048_rank0_act": 860.607421875,
        "layernum[1]_bsz8_seq2048_rank0_act_peak": 1389.1240234375,
        "layernum[1]_bsz8_seq2048_rank7_ms": 1032.3955078125,
        "layernum[1]_bsz8_seq2048_rank7_act": 860.607421875,
        "layernum[1]_bsz8_seq2048_rank7_act_peak": 1389.1240234375,
        "layernum[2]_bsz8_seq2048_rank0_ms": 1420.48193359375,
        "layernum[2]_bsz8_seq2048_rank0_act": 1408.1494140625,
        "layernum[2]_bsz8_seq2048_rank0_act_peak": 1840.14453125,
        "layernum[2]_bsz8_seq2048_rank7_ms": 1420.48193359375,
        "layernum[2]_bsz8_seq2048_rank7_act": 1408.1494140625,
        "layernum[2]_bsz8_seq2048_rank7_act_peak": 1840.14453125
    },
    "1_4_2_vtp_sp": {
        "layernum[1]_bsz8_seq2048_rank0_ms": 1032.63720703125,
        "layernum[1]_bsz8_seq2048_rank0_act": 860.78369140625,
        "layernum[1]_bsz8_seq2048_rank0_act_peak": 1201.8876953125,
        "layernum[1]_bsz8_seq2048_rank7_ms": 1032.63720703125,
        "layernum[1]_bsz8_seq2048_rank7_act": 860.78369140625,
        "layernum[1]_bsz8_seq2048_rank7_act_peak": 1201.8876953125,
        "layernum[2]_bsz8_seq2048_rank0_ms": 1420.7236328125,
        "layernum[2]_bsz8_seq2048_rank0_act": 1407.34716796875,
        "layernum[2]_bsz8_seq2048_rank0_act_peak": 1651.9296875,
        "layernum[2]_bsz8_seq2048_rank7_ms": 1420.7236328125,
        "layernum[2]_bsz8_seq2048_rank7_act": 1407.34716796875,
        "layernum[2]_bsz8_seq2048_rank7_act_peak": 1651.9296875
    },
    "1_8_1_sp": {
        "layernum[1]_bsz8_seq2048_rank0_ms": 1160.4580078125,
        "layernum[1]_bsz8_seq2048_rank0_act": 860.607421875,
        "layernum[1]_bsz8_seq2048_rank0_act_peak": 1389.1083984375,
        "layernum[1]_bsz8_seq2048_rank7_ms": 1160.4580078125,
        "layernum[1]_bsz8_seq2048_rank7_act": 860.607421875,
        "layernum[1]_bsz8_seq2048_rank7_act_peak": 1389.1083984375,
        "layernum[2]_bsz8_seq2048_rank0_ms": 1549.56982421875,
        "layernum[2]_bsz8_seq2048_rank0_act": 1407.1708984375,
        "layernum[2]_bsz8_seq2048_rank0_act_peak": 1839.134765625,
        "layernum[2]_bsz8_seq2048_rank7_ms": 1549.56982421875,
        "layernum[2]_bsz8_seq2048_rank7_act": 1407.1708984375,
        "layernum[2]_bsz8_seq2048_rank7_act_peak": 1839.134765625
    },
    "1_8_1_vtp_sp": {
        "layernum[1]_bsz8_seq2048_rank0_ms": 1160.98095703125,
        "layernum[1]_bsz8_seq2048_rank0_act": 860.97119140625,
        "layernum[1]_bsz8_seq2048_rank0_act_peak": 1171.6767578125,
        "layernum[1]_bsz8_seq2048_rank7_ms": 1160.98095703125,
        "layernum[1]_bsz8_seq2048_rank7_act": 860.97119140625,
        "layernum[1]_bsz8_seq2048_rank7_act_peak": 1171.6767578125,
        "layernum[2]_bsz8_seq2048_rank0_ms": 1549.1298828125,
        "layernum[2]_bsz8_seq2048_rank0_act": 1407.53466796875,
        "layernum[2]_bsz8_seq2048_rank0_act_peak": 1621.703125,
        "layernum[2]_bsz8_seq2048_rank7_ms": 1549.1298828125,
        "layernum[2]_bsz8_seq2048_rank7_act": 1407.53466796875,
        "layernum[2]_bsz8_seq2048_rank7_act_peak": 1621.703125
    },
    "1_1_8_c_sp": {
        "layernum[1]_bsz8_seq2048_rank0_ms": 904.3330078125,
        "layernum[1]_bsz8_seq2048_rank0_act": 346.0439453125,
        "layernum[1]_bsz8_seq2048_rank0_act_peak": 1377.109375,
        "layernum[1]_bsz8_seq2048_rank7_ms": 904.3330078125,
        "layernum[1]_bsz8_seq2048_rank7_act": 346.0439453125,
        "layernum[1]_bsz8_seq2048_rank7_act_peak": 1377.109375,
        "layernum[2]_bsz8_seq2048_rank0_ms": 1292.37255859375,
        "layernum[2]_bsz8_seq2048_rank0_act": 378.0439453125,
        "layernum[2]_bsz8_seq2048_rank0_act_peak": 1448.638671875,
        "layernum[2]_bsz8_seq2048_rank7_ms": 1292.37255859375,
        "layernum[2]_bsz8_seq2048_rank7_act": 378.0439453125,
        "layernum[2]_bsz8_seq2048_rank7_act_peak": 1448.638671875
    },
    "2_1_4_sp": {
        "layernum[2]_bsz8_seq2048_rank0_ms": 1294.41845703125,
        "layernum[2]_bsz8_seq2048_rank0_act": 1157.06396484375,
        "layernum[2]_bsz8_seq2048_rank0_act_peak": 1967.16552734375,
        "layernum[2]_bsz8_seq2048_rank7_ms": 1293.43408203125,
        "layernum[2]_bsz8_seq2048_rank7_act": 1721.21337890625,
        "layernum[2]_bsz8_seq2048_rank7_act_peak": 2651.2802734375
    },
    "2_2_2_sp": {
        "layernum[2]_bsz8_seq2048_rank0_ms": 1422.44970703125,
        "layernum[2]_bsz8_seq2048_rank0_act": 1157.06396484375,
        "layernum[2]_bsz8_seq2048_rank0_act_peak": 1733.12646484375,
        "layernum[2]_bsz8_seq2048_rank7_ms": 1421.46533203125,
        "layernum[2]_bsz8_seq2048_rank7_act": 1721.21337890625,
        "layernum[2]_bsz8_seq2048_rank7_act_peak": 2651.2802734375
    },
    "2_2_2_vtp_sp": {
        "layernum[2]_bsz8_seq2048_rank0_ms": 1422.57470703125,
        "layernum[2]_bsz8_seq2048_rank0_act": 1157.14208984375,
        "layernum[2]_bsz8_seq2048_rank0_act_peak": 1609.26708984375,
        "layernum[2]_bsz8_seq2048_rank7_ms": 1421.60595703125,
        "layernum[2]_bsz8_seq2048_rank7_act": 1721.23681640625,
        "layernum[2]_bsz8_seq2048_rank7_act_peak": 2526.3623046875
    },
    "2_4_1_sp": {
        "layernum[2]_bsz8_seq2048_rank0_ms": 1549.52392578125,
        "layernum[2]_bsz8_seq2048_rank0_act": 1157.06396484375,
        "layernum[2]_bsz8_seq2048_rank0_act_peak": 1697.14794921875,
        "layernum[2]_bsz8_seq2048_rank7_ms": 1550.49658203125,
        "layernum[2]_bsz8_seq2048_rank7_act": 1721.21337890625,
        "layernum[2]_bsz8_seq2048_rank7_act_peak": 2651.2802734375
    },