{
    "layernum[2]_bsz1_seq4096": 36.665164947509766,
    "layernum[2]_bsz2_seq4096": 68.0301124572754,
    "layernum[2]_bsz3_seq4096": 99.07029342651367,
    "layernum[2]_bsz4_seq4096": 130.37216644287108,
    "layernum[2]_bsz5_seq4096": 161.90255279541017,
    "layernum[2]_bsz6_seq4096": 192.55273895263673,
    "layernum[2]_bsz7_seq4096": 223.70591735839847,
    "layernum[2]_bsz8_seq4096": 255.57516632080075,
    "layernum[2]_bsz9_seq4096": 286.348745727539,
    "layernum[2]_bsz10_seq4096": 317.5532135009766,
    "layernum[2]_bsz11_seq4096": 349.15322265624997,
    "layernum[2]_bsz12_seq4096": 381.1721954345703,
    "layernum[4]_bsz1_seq4096": 62.30057601928711,
    "layernum[4]_bsz2_seq4096": 116.90365142822264,
    "layernum[4]_bsz3_seq4096": 170.35649414062502,
    "layernum[4]_bsz4_seq4096": 224.3476974487305,
    "layernum[4]_bsz5_seq4096": 277.92661743164064,
    "layernum[4]_bsz6_seq4096": 331.5242156982422,
    "layernum[4]_bsz7_seq4096": 386.09364624023436,
    "layernum[4]_bsz8_seq4096": 440.855630493164,
    "layernum[4]_bsz9_seq4096": 494.3798126220703,
    "layernum[4]_bsz10_seq4096": 548.601153564453,
    "layernum[4]_bsz11_seq4096": 602.4433288574219,
    "layernum[4]_bsz12_seq4096": 658.0822204589844,
    "layertype_0_bsz1_seq4096": 12.81770553588867,
    "layertype_other_bsz1_seq4096": 11.029753875732425,
    "layertype_0_bsz2_seq4096": 12.218384742736813,
    "layertype_other_bsz2_seq4096": 9.578286743164071,
    "layertype_0_bsz3_seq4096": 11.881033452351891,
    "layertype_other_bsz3_seq4096": 9.261364237467442,
    "layertype_0_bsz4_seq4096": 11.746941375732426,
    "layertype_other_bsz4_seq4096": 9.099158859252917,
    "layertype_0_bsz5_seq4096": 11.602406463623046,
    "layertype_other_bsz5_seq4096": 9.175697631835941,
    "layertype_0_bsz6_seq4096": 11.58095639546712,
    "layertype_other_bsz6_seq4096": 8.930210367838546,
    "layertype_0_bsz7_seq4096": 11.599123491559707,
    "layertype_other_bsz7_seq4096": 8.75974121093751,
    "layertype_0_bsz8_seq4096": 11.580029010772705,
    "layertype_other_bsz8_seq4096": 8.786837768554683,
    "layertype_0_bsz9_seq4096": 11.557281494140629,
    "layertype_other_bsz9_seq4096": 8.70196431477863,
    "layertype_0_bsz10_seq4096": 11.552397003173823,
    "layertype_other_bsz10_seq4096": 8.650527343750014,
    "layertype_0_bsz11_seq4096": 11.513186645507814,
    "layertype_other_bsz11_seq4096": 8.714828768643459,
    "layertype_0_bsz12_seq4096": 11.537917709350586,
    "layertype_other_bsz12_seq4096": 8.688514200846356
}