{
    "layernum[2]_bsz1_seq2048": 10.682835388183593,
    "layernum[2]_bsz2_seq2048": 15.90916452407837,
    "layernum[2]_bsz3_seq2048": 20.816908645629884,
    "layernum[2]_bsz4_seq2048": 25.909702301025387,
    "layernum[2]_bsz5_seq2048": 31.397091293334963,
    "layernum[2]_bsz6_seq2048": 37.50294418334961,
    "layernum[2]_bsz7_seq2048": 42.86150016784668,
    "layernum[2]_bsz8_seq2048": 48.7003807067871,
    "layernum[2]_bsz9_seq2048": 54.5536449432373,
    "layernum[2]_bsz10_seq2048": 60.625603103637694,
    "layernum[2]_bsz11_seq2048": 66.1002426147461,
    "layernum[2]_bsz12_seq2048": 71.73159332275392,
    "layernum[4]_bsz1_seq2048": 13.581436824798583,
    "layernum[4]_bsz2_seq2048": 21.712195205688477,
    "layernum[4]_bsz3_seq2048": 30.47112007141113,
    "layernum[4]_bsz4_seq2048": 39.25268516540527,
    "layernum[4]_bsz5_seq2048": 47.726736068725586,
    "layernum[4]_bsz6_seq2048": 56.876195526123055,
    "layernum[4]_bsz7_seq2048": 65.14487838745117,
    "layernum[4]_bsz8_seq2048": 74.14551467895508,
    "layernum[4]_bsz9_seq2048": 82.7735191345215,
    "layernum[4]_bsz10_seq2048": 91.917138671875,
    "layernum[4]_bsz11_seq2048": 100.7216583251953,
    "layernum[4]_bsz12_seq2048": 110.09467849731445,
    "layertype_0_bsz1_seq2048": 1.4493007183074953,
    "layertype_other_bsz1_seq2048": 7.784233951568602,
    "layertype_0_bsz2_seq2048": 1.4507576704025267,
    "layertype_other_bsz2_seq2048": 5.053066921234132,
    "layertype_0_bsz3_seq2048": 1.6090352376302075,
    "layertype_other_bsz3_seq2048": 3.7208990732828795,
    "layertype_0_bsz4_seq2048": 1.667872858047485,
    "layertype_other_bsz4_seq2048": 3.1416798591613766,
    "layertype_0_bsz5_seq2048": 1.6329644775390624,
    "layertype_other_bsz5_seq2048": 3.013489303588868,
    "layertype_0_bsz6_seq2048": 1.614437611897787,
    "layertype_other_bsz6_seq2048": 3.0216154734293617,
    "layertype_0_bsz7_seq2048": 1.5916698728288925,
    "layertype_other_bsz7_seq2048": 2.939731706891741,
    "layertype_0_bsz8_seq2048": 1.5903208732604988,
    "layertype_other_bsz8_seq2048": 2.90690584182739,
    "layertype_0_bsz9_seq2048": 1.5677707884046772,
    "layertype_other_bsz9_seq2048": 2.92597452799479,
    "layertype_0_bsz10_seq2048": 1.564576778411865,
    "layertype_other_bsz10_seq2048": 2.9334067535400394,
    "layertype_0_bsz11_seq2048": 1.573700714111328,
    "layertype_other_bsz11_seq2048": 2.861711536754262,
    "layertype_0_bsz12_seq2048": 1.5984618822733552,
    "layertype_other_bsz12_seq2048": 2.78070901234945
}