{
    "layernum[2]_bsz1_seq2048": 12.681654453277588,
    "layernum[2]_bsz2_seq2048": 17.699747467041014,
    "layernum[2]_bsz3_seq2048": 24.735689735412596,
    "layernum[2]_bsz4_seq2048": 31.751855659484864,
    "layernum[2]_bsz5_seq2048": 38.55549087524414,
    "layernum[2]_bsz6_seq2048": 45.741404342651364,
    "layernum[2]_bsz7_seq2048": 52.732995223999026,
    "layernum[2]_bsz8_seq2048": 59.42625579833986,
    "layernum[2]_bsz9_seq2048": 67.22239685058594,
    "layernum[2]_bsz10_seq2048": 73.71280975341797,
    "layernum[2]_bsz11_seq2048": 81.25935363769531,
    "layernum[2]_bsz12_seq2048": 88.61162796020508,
    "layernum[4]_bsz1_seq2048": 16.337500762939456,
    "layernum[4]_bsz2_seq2048": 27.93871059417725,
    "layernum[4]_bsz3_seq2048": 39.59837760925293,
    "layernum[4]_bsz4_seq2048": 50.76268157958984,
    "layernum[4]_bsz5_seq2048": 61.75385971069336,
    "layernum[4]_bsz6_seq2048": 74.1133689880371,
    "layernum[4]_bsz7_seq2048": 85.33419647216797,
    "layernum[4]_bsz8_seq2048": 96.10167007446289,
    "layernum[4]_bsz9_seq2048": 108.01954574584963,
    "layernum[4]_bsz10_seq2048": 119.46207275390626,
    "layernum[4]_bsz11_seq2048": 131.48479309082032,
    "layernum[4]_bsz12_seq2048": 142.8628982543945,
    "layertype_0_bsz1_seq2048": 1.827923154830934,
    "layertype_other_bsz1_seq2048": 9.02580814361572,
    "layertype_0_bsz2_seq2048": 2.5597407817840585,
    "layertype_other_bsz2_seq2048": 3.73039216995239,
    "layertype_0_bsz3_seq2048": 2.4771146456400555,
    "layertype_other_bsz3_seq2048": 3.2910006205240876,
    "layertype_0_bsz4_seq2048": 2.3763532400131218,
    "layertype_other_bsz4_seq2048": 3.1852574348449725,
    "layertype_0_bsz5_seq2048": 2.319836883544922,
    "layertype_other_bsz5_seq2048": 3.0714244079589834,
    "layertype_0_bsz6_seq2048": 2.3643303871154777,
    "layertype_other_bsz6_seq2048": 2.894906616210939,
    "layertype_0_bsz7_seq2048": 2.3286572320120675,
    "layertype_other_bsz7_seq2048": 2.8759705679757253,
    "layertype_0_bsz8_seq2048": 2.2922133922576893,
    "layertype_other_bsz8_seq2048": 2.843855190277104,
    "layertype_0_bsz9_seq2048": 2.266508271959094,
    "layertype_other_bsz9_seq2048": 2.936138661702472,
    "layertype_0_bsz10_seq2048": 2.287463150024414,
    "layertype_other_bsz10_seq2048": 2.7963546752929687,
    "layertype_0_bsz11_seq2048": 2.282974520596591,
    "layertype_other_bsz11_seq2048": 2.821264925870028,
    "layertype_0_bsz12_seq2048": 2.260469595591226,
    "layertype_other_bsz12_seq2048": 2.863363138834638
}