{
    "layernum[2]_bsz1_seq2048": 16.176051425933842,
    "layernum[2]_bsz2_seq2048": 25.052659225463866,
    "layernum[2]_bsz3_seq2048": 35.28382759094239,
    "layernum[2]_bsz4_seq2048": 45.317849731445314,
    "layernum[2]_bsz5_seq2048": 55.32777900695801,
    "layernum[2]_bsz6_seq2048": 65.87956161499024,
    "layernum[2]_bsz7_seq2048": 75.77385025024415,
    "layernum[2]_bsz9_seq2048": 96.38870010375976,
    "layernum[2]_bsz10_seq2048": 106.5459571838379,
    "layernum[2]_bsz11_seq2048": 117.34025573730466,
    "layernum[2]_bsz12_seq2048": 127.50447692871094,
    "layernum[2]_bsz8_seq2048": 86.08388214111329,
    "layernum[4]_bsz1_seq2048": 24.67679672241211,
    "layernum[4]_bsz2_seq2048": 42.40720291137696,
    "layernum[4]_bsz3_seq2048": 60.7007740020752,
    "layernum[4]_bsz4_seq2048": 78.19558639526366,
    "layernum[4]_bsz5_seq2048": 95.55331497192384,
    "layernum[4]_bsz6_seq2048": 114.16740493774417,
    "layernum[4]_bsz7_seq2048": 131.48556823730468,
    "layernum[4]_bsz8_seq2048": 148.75447845458987,
    "layernum[4]_bsz9_seq2048": 167.14234619140626,
    "layernum[4]_bsz10_seq2048": 185.2747589111328,
    "layernum[4]_bsz11_seq2048": 203.33206634521488,
    "layernum[4]_bsz12_seq2048": 220.76257019042967,
    "layertype_0_bsz1_seq2048": 4.250372648239134,
    "layertype_other_bsz1_seq2048": 7.675306129455574,
    "layertype_0_bsz2_seq2048": 4.338635921478274,
    "layertype_other_bsz2_seq2048": 3.849057769775385,
    "layertype_0_bsz3_seq2048": 4.236157735188802,
    "layertype_other_bsz3_seq2048": 3.2889603932698583,
    "layertype_0_bsz4_seq2048": 4.109717082977293,
    "layertype_other_bsz4_seq2048": 3.110028266906742,
    "layertype_0_bsz5_seq2048": 4.022553596496583,
    "layertype_other_bsz5_seq2048": 3.0204486083984365,
    "layertype_0_bsz6_seq2048": 4.023986943562828,
    "layertype_other_bsz6_seq2048": 2.9319530487060512,
    "layertype_0_bsz7_seq2048": 3.97940842764718,
    "layertype_other_bsz7_seq2048": 2.866018894740518,
    "layertype_0_bsz8_seq2048": 3.9169122695922862,
    "layertype_other_bsz8_seq2048": 2.926660728454589,
    "layertype_0_bsz9_seq2048": 3.9307581159803613,
    "layertype_other_bsz9_seq2048": 2.848339335123695,
    "layertype_0_bsz10_seq2048": 3.9364400863647453,
    "layertype_other_bsz10_seq2048": 2.7817155456542992,
    "layertype_0_bsz11_seq2048": 3.9087186639959195,
    "layertype_other_bsz11_seq2048": 2.8498586481267667,
    "layertype_0_bsz12_seq2048": 3.885753885904947,
    "layertype_other_bsz12_seq2048": 2.853865305582685
}