{
    "1_1_8_sp": {
        "layernum[3]_bsz8_seq2048_rank0_ms": 1677.39306640625,
        "layernum[3]_bsz8_seq2048_rank0_act": 928.869140625,
        "layernum[3]_bsz8_seq2048_rank0_act_peak": 1722.693359375,
        "layernum[3]_bsz8_seq2048_rank7_ms": 1677.39306640625,
        "layernum[3]_bsz8_seq2048_rank7_act": 928.869140625,
        "layernum[3]_bsz8_seq2048_rank7_act_peak": 1722.693359375,
        "layernum[4]_bsz8_seq2048_rank0_ms": 2064.4326171875,
        "layernum[4]_bsz8_seq2048_rank0_act": 1187.1513671875,
        "layernum[4]_bsz8_seq2048_rank0_act_peak": 1884.4658203125,
        "layernum[4]_bsz8_seq2048_rank7_ms": 2064.4326171875,
        "layernum[4]_bsz8_seq2048_rank7_act": 1187.1513671875,
        "layernum[4]_bsz8_seq2048_rank7_act_peak": 1884.4658203125
    },
    "1_2_4_sp": {
        "layernum[3]_bsz8_seq2048_rank0_ms": 1709.45556640625,
        "layernum[3]_bsz8_seq2048_rank0_act": 976.869140625,
        "layernum[3]_bsz8_seq2048_rank0_act_peak": 1187.3291015625,
        "layernum[3]_bsz8_seq2048_rank7_ms": 1709.45556640625,
        "layernum[3]_bsz8_seq2048_rank7_act": 976.869140625,
        "layernum[3]_bsz8_seq2048_rank7_act_peak": 1187.3291015625,
        "layernum[4]_bsz8_seq2048_rank0_ms": 2096.5107421875,
        "layernum[4]_bsz8_seq2048_rank0_act": 1250.1513671875,
        "layernum[4]_bsz8_seq2048_rank0_act_peak": 1364.09765625,
        "layernum[4]_bsz8_seq2048_rank7_ms": 2096.5107421875,
        "layernum[4]_bsz8_seq2048_rank7_act": 1250.1513671875,
        "layernum[4]_bsz8_seq2048_rank7_act_peak": 1364.09765625
    },
    "1_2_4_vtp_sp": {
        "layernum[3]_bsz8_seq2048_rank0_ms": 1710.509765625,
        "layernum[3]_bsz8_seq2048_rank0_act": 977.91064453125,
        "layernum[3]_bsz8_seq2048_rank0_act_peak": 1027.59619140625,
        "layernum[3]_bsz8_seq2048_rank7_ms": 1710.509765625,
        "layernum[3]_bsz8_seq2048_rank7_act": 977.91064453125,
        "layernum[3]_bsz8_seq2048_rank7_act_peak": 1027.59619140625,
        "layernum[4]_bsz8_seq2048_rank0_ms": 2097.56494140625,
        "layernum[4]_bsz8_seq2048_rank0_act": 1251.19287109375,
        "layernum[4]_bsz8_seq2048_rank0_act_peak": 1204.36474609375,
        "layernum[4]_bsz8_seq2048_rank7_ms": 2097.56494140625,
        "layernum[4]_bsz8_seq2048_rank7_act": 1252.19287109375,
        "layernum[4]_bsz8_seq2048_rank7_act_peak": 1205.36474609375
    },
    "1_4_2_sp": {
        "layernum[3]_bsz8_seq2048_rank0_ms": 1741.54931640625,
        "layernum[3]_bsz8_seq2048_rank0_act": 976.869140625,
        "layernum[3]_bsz8_seq2048_rank0_act_peak": 1187.3056640625,
        "layernum[3]_bsz8_seq2048_rank7_ms": 1741.54931640625,
        "layernum[3]_bsz8_seq2048_rank7_act": 976.869140625,
        "layernum[3]_bsz8_seq2048_rank7_act_peak": 1187.3056640625,
        "layernum[4]_bsz8_seq2048_rank0_ms": 2129.6357421875,
        "layernum[4]_bsz8_seq2048_rank0_act": 1250.1513671875,
        "layernum[4]_bsz8_seq2048_rank0_act_peak": 1364.06640625,
        "layernum[4]_bsz8_seq2048_rank7_ms": 2129.6357421875,
        "layernum[4]_bsz8_seq2048_rank7_act": 1250.1513671875,
        "layernum[4]_bsz8_seq2048_rank7_act_peak": 1364.06640625
    },
    "1_4_2_vtp_sp": {
        "layernum[3]_bsz8_seq2048_rank0_ms": 1741.681640625,
        "layernum[3]_bsz8_seq2048_rank0_act": 978.95751953125,
        "layernum[3]_bsz8_seq2048_rank0_act_peak": 877.9560546875,
        "layernum[3]_bsz8_seq2048_rank7_ms": 1741.681640625,
        "layernum[3]_bsz8_seq2048_rank7_act": 977.95751953125,
        "layernum[3]_bsz8_seq2048_rank7_act_peak": 876.9560546875,
        "layernum[4]_bsz8_seq2048_rank0_ms": 2129.72509765625,
        "layernum[4]_bsz8_seq2048_rank0_act": 1252.23974609375,
        "layernum[4]_bsz8_seq2048_rank0_act_peak": 1054.716796875,
        "layernum[4]_bsz8_seq2048_rank7_ms": 2129.72509765625,
        "layernum[4]_bsz8_seq2048_rank7_act": 1251.23974609375,
        "layernum[4]_bsz8_seq2048_rank7_act_peak": 1054.716796875
    },
    "1_8_1_sp": {
        "layernum[3]_bsz8_seq2048_rank0_ms": 1806.73681640625,
        "layernum[3]_bsz8_seq2048_rank0_act": 976.869140625,
        "layernum[3]_bsz8_seq2048_rank0_act_peak": 1187.2587890625,
        "layernum[3]_bsz8_seq2048_rank7_ms": 1806.73681640625,
        "layernum[3]_bsz8_seq2048_rank7_act": 976.869140625,
        "layernum[3]_bsz8_seq2048_rank7_act_peak": 1187.2587890625,
        "layernum[4]_bsz8_seq2048_rank0_ms": 2192.8857421875,
        "layernum[4]_bsz8_seq2048_rank0_act": 1251.1513671875,
        "layernum[4]_bsz8_seq2048_rank0_act_peak": 1365.00390625,
        "layernum[4]_bsz8_seq2048_rank7_ms": 2192.8857421875,
        "layernum[4]_bsz8_seq2048_rank7_act": 1250.1513671875,
        "layernum[4]_bsz8_seq2048_rank7_act_peak": 1364.00390625
    },
    "1_8_1_vtp_sp": {
        "layernum[3]_bsz8_seq2048_rank0_ms": 1806.025390625,
        "layernum[3]_bsz8_seq2048_rank0_act": 978.05126953125,
        "layernum[3]_bsz8_seq2048_rank0_act_peak": 844.8076171875,
        "layernum[3]_bsz8_seq2048_rank7_ms": 1806.025390625,
        "layernum[3]_bsz8_seq2048_rank7_act": 978.05126953125,
        "layernum[3]_bsz8_seq2048_rank7_act_peak": 845.5576171875,
        "layernum[4]_bsz8_seq2048_rank0_ms": 2193.17431640625,
        "layernum[4]_bsz8_seq2048_rank0_act": 1251.33349609375,
        "layernum[4]_bsz8_seq2048_rank0_act_peak": 1021.552734375,
        "layernum[4]_bsz8_seq2048_rank7_ms": 2193.17431640625,
        "layernum[4]_bsz8_seq2048_rank7_act": 1251.33349609375,
        "layernum[4]_bsz8_seq2048_rank7_act_peak": 1021.552734375
    },
    "1_1_8_c_sp": {
        "layernum[3]_bsz8_seq2048_rank0_ms": 1677.39306640625,
        "layernum[3]_bsz8_seq2048_rank0_act": 205.0224609375,
        "layernum[3]_bsz8_seq2048_rank0_act_peak": 1368.638671875,
        "layernum[3]_bsz8_seq2048_rank7_ms": 1677.39306640625,
        "layernum[3]_bsz8_seq2048_rank7_act": 205.0224609375,
        "layernum[3]_bsz8_seq2048_rank7_act_peak": 1368.638671875,
        "layernum[4]_bsz8_seq2048_rank0_ms": 2064.4326171875,
        "layernum[4]_bsz8_seq2048_rank0_act": 221.0224609375,
        "layernum[4]_bsz8_seq2048_rank0_act_peak": 1368.638671875,
        "layernum[4]_bsz8_seq2048_rank7_ms": 2064.4326171875,
        "layernum[4]_bsz8_seq2048_rank7_act": 221.0224609375,
        "layernum[4]_bsz8_seq2048_rank7_act_peak": 1368.638671875
    },
    "2_1_4_sp": {
        "layernum[2]_bsz8_seq2048_rank0_ms": 1293.35595703125,
        "layernum[2]_bsz8_seq2048_rank0_act": 578.53271484375,
        "layernum[2]_bsz8_seq2048_rank0_act_peak": 1184.60302734375,
        "layernum[2]_bsz8_seq2048_rank7_ms": 1292.3681640625,
        "layernum[2]_bsz8_seq2048_rank7_act": 860.60791015625,
        "layernum[2]_bsz8_seq2048_rank7_act_peak": 1290.6435546875
    },
    "2_2_2_sp": {
        "layernum[2]_bsz8_seq2048_rank0_ms": 1357.38720703125,
        "layernum[2]_bsz8_seq2048_rank0_act": 578.53271484375,
        "layernum[2]_bsz8_seq2048_rank0_act_peak": 949.56396484375,
        "layernum[2]_bsz8_seq2048_rank7_ms": 1356.3994140625,
        "layernum[2]_bsz8_seq2048_rank7_act": 860.60791015625,
        "layernum[2]_bsz8_seq2048_rank7_act_peak": 1290.6435546875
    },
    "2_2_2_vtp_sp": {
        "layernum[2]_bsz8_seq2048_rank0_ms": 1357.44970703125,
        "layernum[2]_bsz8_seq2048_rank0_act": 578.57177734375,
        "layernum[2]_bsz8_seq2048_rank0_act_peak": 825.63427734375,
        "layernum[2]_bsz8_seq2048_rank7_ms": 1356.4775390625,
        "layernum[2]_bsz8_seq2048_rank7_act": 860.61962890625,
        "layernum[2]_bsz8_seq2048_rank7_act_peak": 1165.6826171875
    },
    "2_4_1_sp": {
        "layernum[2]_bsz8_seq2048_rank0_ms": 1421.41845703125,
        "layernum[2]_bsz8_seq2048_rank0_act": 578.53271484375,
        "layernum[2]_bsz8_seq2048_rank0_act_peak": 873.08544921875,
        "layernum[2]_bsz8_seq2048_rank7_ms": 1421.4306640625,
        "layernum[2]_bsz8_seq2048_rank7_act": 860.60791015625,