{
    "1_1_8_sp": {
        "layernum[1]_bsz8_seq2048_rank0_ms": 903.3173828125,
        "layernum[1]_bsz8_seq2048_rank0_act": 414.3046875,
        "layernum[1]_bsz8_seq2048_rank0_act_peak": 1265.109375,
        "layernum[1]_bsz8_seq2048_rank7_ms": 903.3173828125,
        "layernum[1]_bsz8_seq2048_rank7_act": 414.3046875,
        "layernum[1]_bsz8_seq2048_rank7_act_peak": 1265.109375,
        "layernum[2]_bsz8_seq2048_rank0_ms": 1290.35693359375,
        "layernum[2]_bsz8_seq2048_rank0_act": 671.5869140625,
        "layernum[2]_bsz8_seq2048_rank0_act_peak": 1561.9208984375,
        "layernum[2]_bsz8_seq2048_rank7_ms": 1290.35693359375,
        "layernum[2]_bsz8_seq2048_rank7_act": 671.5869140625,
        "layernum[2]_bsz8_seq2048_rank7_act_peak": 1561.9208984375
    },
    "1_2_4_sp": {
        "layernum[1]_bsz8_seq2048_rank0_ms": 935.3486328125,
        "layernum[1]_bsz8_seq2048_rank0_act": 430.3046875,
        "layernum[1]_bsz8_seq2048_rank0_act_peak": 833.7919921875,
        "layernum[1]_bsz8_seq2048_rank7_ms": 935.3486328125,
        "layernum[1]_bsz8_seq2048_rank7_act": 430.734375,
        "layernum[1]_bsz8_seq2048_rank7_act_peak": 834.2216796875,
        "layernum[2]_bsz8_seq2048_rank0_ms": 1322.40380859375,
        "layernum[2]_bsz8_seq2048_rank0_act": 703.5869140625,
        "layernum[2]_bsz8_seq2048_rank0_act_peak": 1010.560546875,
        "layernum[2]_bsz8_seq2048_rank7_ms": 1322.40380859375,
        "layernum[2]_bsz8_seq2048_rank7_act": 703.5869140625,
        "layernum[2]_bsz8_seq2048_rank7_act_peak": 1010.560546875
    },
    "1_2_4_vtp_sp": {
        "layernum[1]_bsz8_seq2048_rank0_ms": 935.3994140625,
        "layernum[1]_bsz8_seq2048_rank0_act": 430.34619140625,
        "layernum[1]_bsz8_seq2048_rank0_act_peak": 606.54541015625,
        "layernum[1]_bsz8_seq2048_rank7_ms": 935.3994140625,
        "layernum[1]_bsz8_seq2048_rank7_act": 430.34619140625,
        "layernum[1]_bsz8_seq2048_rank7_act_peak": 606.05908203125,
        "layernum[2]_bsz8_seq2048_rank0_ms": 1322.45458984375,
        "layernum[2]_bsz8_seq2048_rank0_act": 704.62841796875,
        "layernum[2]_bsz8_seq2048_rank0_act_peak": 850.82763671875,
        "layernum[2]_bsz8_seq2048_rank7_ms": 1322.45458984375,
        "layernum[2]_bsz8_seq2048_rank7_act": 705.62841796875,
        "layernum[2]_bsz8_seq2048_rank7_act_peak": 850.82763671875
    },
    "1_4_2_sp": {
        "layernum[1]_bsz8_seq2048_rank0_ms": 967.3798828125,
        "layernum[1]_bsz8_seq2048_rank0_act": 430.3046875,
        "layernum[1]_bsz8_seq2048_rank0_act_peak": 833.7841796875,
        "layernum[1]_bsz8_seq2048_rank7_ms": 967.3798828125,
        "layernum[1]_bsz8_seq2048_rank7_act": 430.3046875,
        "layernum[1]_bsz8_seq2048_rank7_act_peak": 833.7841796875,
        "layernum[2]_bsz8_seq2048_rank0_ms": 1354.46630859375,
        "layernum[2]_bsz8_seq2048_rank0_act": 703.5869140625,
        "layernum[2]_bsz8_seq2048_rank0_act_peak": 1010.544921875,
        "layernum[2]_bsz8_seq2048_rank7_ms": 1354.46630859375,
        "layernum[2]_bsz8_seq2048_rank7_act": 703.5869140625,
        "layernum[2]_bsz8_seq2048_rank7_act_peak": 1010.544921875
    },
    "1_4_2_vtp_sp": {
        "layernum[1]_bsz8_seq2048_rank0_ms": 968.5087890625,
        "layernum[1]_bsz8_seq2048_rank0_act": 431.39306640625,
        "layernum[1]_bsz8_seq2048_rank0_act_peak": 522.4345703125,
        "layernum[1]_bsz8_seq2048_rank7_ms": 968.5087890625,
        "layernum[1]_bsz8_seq2048_rank7_act": 431.39306640625,
        "layernum[1]_bsz8_seq2048_rank7_act_peak": 522.4345703125,
        "layernum[2]_bsz8_seq2048_rank0_ms": 1354.59521484375,
        "layernum[2]_bsz8_seq2048_rank0_act": 703.67529296875,
        "layernum[2]_bsz8_seq2048_rank0_act_peak": 699.1953125,
        "layernum[2]_bsz8_seq2048_rank7_ms": 1354.59521484375,
        "layernum[2]_bsz8_seq2048_rank7_act": 704.67529296875,
        "layernum[2]_bsz8_seq2048_rank7_act_peak": 699.1953125
    },
    "1_8_1_sp": {
        "layernum[1]_bsz8_seq2048_rank0_ms": 1031.4423828125,
        "layernum[1]_bsz8_seq2048_rank0_act": 430.3046875,
        "layernum[1]_bsz8_seq2048_rank0_act_peak": 833.7685546875,
        "layernum[1]_bsz8_seq2048_rank7_ms": 1031.4423828125,
        "layernum[1]_bsz8_seq2048_rank7_act": 430.3046875,
        "layernum[1]_bsz8_seq2048_rank7_act_peak": 833.7685546875,
        "layernum[2]_bsz8_seq2048_rank0_ms": 1418.59130859375,
        "layernum[2]_bsz8_seq2048_rank0_act": 703.5869140625,
        "layernum[2]_bsz8_seq2048_rank0_act_peak": 1010.513671875,
        "layernum[2]_bsz8_seq2048_rank7_ms": 1418.59130859375,
        "layernum[2]_bsz8_seq2048_rank7_act": 703.5869140625,
        "layernum[2]_bsz8_seq2048_rank7_act_peak": 1010.513671875
    },
    "1_8_1_vtp_sp": {
        "layernum[1]_bsz8_seq2048_rank0_ms": 1031.7275390625,
        "layernum[1]_bsz8_seq2048_rank0_act": 430.48681640625,
        "layernum[1]_bsz8_seq2048_rank0_act_peak": 491.0673828125,
        "layernum[1]_bsz8_seq2048_rank7_ms": 1031.7275390625,
        "layernum[1]_bsz8_seq2048_rank7_act": 431.48681640625,
        "layernum[1]_bsz8_seq2048_rank7_act_peak": 492.0673828125,
        "layernum[2]_bsz8_seq2048_rank0_ms": 1418.87646484375,
        "layernum[2]_bsz8_seq2048_rank0_act": 704.76904296875,
        "layernum[2]_bsz8_seq2048_rank0_act_peak": 668.8125,
        "layernum[2]_bsz8_seq2048_rank7_ms": 1418.87646484375,
        "layernum[2]_bsz8_seq2048_rank7_act": 704.76904296875,
        "layernum[2]_bsz8_seq2048_rank7_act_peak": 668.8125
    },
    "1_1_8_c_sp": {
        "layernum[1]_bsz8_seq2048_rank0_ms": 903.31396484375,
        "layernum[1]_bsz8_seq2048_rank0_act": 173.0224609375,
        "layernum[1]_bsz8_seq2048_rank0_act_peak": 1313.109375,
        "layernum[1]_bsz8_seq2048_rank7_ms": 903.31396484375,
        "layernum[1]_bsz8_seq2048_rank7_act": 173.0224609375,
        "layernum[1]_bsz8_seq2048_rank7_act_peak": 1313.109375,
        "layernum[2]_bsz8_seq2048_rank0_ms": 1290.353515625,
        "layernum[2]_bsz8_seq2048_rank0_act": 189.0224609375,
        "layernum[2]_bsz8_seq2048_rank0_act_peak": 1368.638671875,
        "layernum[2]_bsz8_seq2048_rank7_ms": 1290.353515625,
        "layernum[2]_bsz8_seq2048_rank7_act": 189.0224609375,
        "layernum[2]_bsz8_seq2048_rank7_act_peak": 1368.638671875
    },
    "2_1_4_sp": {
        "layernum[2]_bsz8_seq2048_rank0_ms": 1293.35595703125,
        "layernum[2]_bsz8_seq2048_rank0_act": 578.53271484375,
        "layernum[2]_bsz8_seq2048_rank0_act_peak": 1184.60302734375,
        "layernum[2]_bsz8_seq2048_rank7_ms": 1292.3681640625,
        "layernum[2]_bsz8_seq2048_rank7_act": 860.60791015625,
        "layernum[2]_bsz8_seq2048_rank7_act_peak": 1290.6435546875
    },
    "2_2_2_sp": {
        "layernum[2]_bsz8_seq2048_rank0_ms": 1357.38720703125,
        "layernum[2]_bsz8_seq2048_rank0_act": 578.53271484375,
        "layernum[2]_bsz8_seq2048_rank0_act_peak": 950.56396484375,
        "layernum[2]_bsz8_seq2048_rank7_ms": 1356.3994140625,
        "layernum[2]_bsz8_seq2048_rank7_act": 860.60791015625,
        "layernum[2]_bsz8_seq2048_rank7_act_peak": 1290.6435546875
    },
    "2_2_2_vtp_sp": {
        "layernum[2]_bsz8_seq2048_rank0_ms": 1357.44970703125,
        "layernum[2]_bsz8_seq2048_rank0_act": 578.57177734375,
        "layernum[2]_bsz8_seq2048_rank0_act_peak": 825.63427734375,
        "layernum[2]_bsz8_seq2048_rank7_ms": 1356.4775390625,
        "layernum[2]_bsz8_seq2048_rank7_act": 860.61962890625,
        "layernum[2]_bsz8_seq2048_rank7_act_peak": 1165.6826171875
    },
    "2_4_1_sp": {
        "layernum[2]_bsz8_seq2048_rank0_ms": 1421.41845703125,
        "layernum[2]_bsz8_seq2048_rank0_act": 579.53271484375,
        "layernum[2]_bsz8_seq2048_rank0_act_peak": 874.08544921875,
        "layernum[2]_bsz8_seq2048_rank7_ms": 1421.4306640625,
        "layernum[2]_bsz8_seq2048_rank7_act": 860.60791015625,
        "layernum[2]_bsz8_seq2048_rank7_act_peak": 1290.6435546875
    },