{
    "layernum[2]_bsz1_seq8192": 27.833571434020996,
    "layernum[2]_bsz2_seq8192": 78.30104598999024,
    "layernum[2]_bsz3_seq8192": 115.56616363525389,
    "layernum[2]_bsz4_seq8192": 152.85103454589844,
    "layernum[2]_bsz5_seq8192": 192.27606048583985,
    "layernum[2]_bsz6_seq8192": 229.35422210693358,
    "layernum[2]_bsz7_seq8192": 267.5378326416016,
    "layernum[2]_bsz8_seq8192": 306.00629577636715,
    "layernum[2]_bsz9_seq8192": 344.54543151855466,
    "layernum[2]_bsz10_seq8192": 382.5058898925781,
    "layernum[4]_bsz1_seq8192": 66.28233642578125,
    "layernum[4]_bsz2_seq8192": 127.58643493652345,
    "layernum[4]_bsz3_seq8192": 189.04232025146487,
    "layernum[4]_bsz4_seq8192": 249.50597686767577,
    "layernum[4]_bsz5_seq8192": 312.8712524414062,
    "layernum[4]_bsz6_seq8192": 374.51709594726555,
    "layernum[4]_bsz7_seq8192": 437.40160217285154,
    "layernum[4]_bsz8_seq8192": 499.9561340332031,
    "layernum[4]_bsz9_seq8192": 562.7080200195313,
    "layernum[4]_bsz10_seq8192": 624.8662292480469,
    "layertype_0_bsz1_seq8192": 6.125261116027833,
    "layertype_other_bsz1_seq8192": 15.58304920196533,
    "layertype_0_bsz2_seq8192": 12.3213472366333,
    "layertype_other_bsz2_seq8192": 14.50782852172852,
    "layertype_0_bsz3_seq8192": 12.246026102701832,
    "layertype_other_bsz3_seq8192": 14.030002339680967,
    "layertype_0_bsz4_seq8192": 12.081867790222166,
    "layertype_other_bsz4_seq8192": 14.04902305603028,
    "layertype_0_bsz5_seq8192": 12.059519195556637,
    "layertype_other_bsz5_seq8192": 14.336173706054694,
    "layertype_0_bsz6_seq8192": 12.096906153360997,
    "layertype_other_bsz6_seq8192": 14.031891377766934,
    "layertype_0_bsz7_seq8192": 12.133126395089281,
    "layertype_other_bsz7_seq8192": 13.953437587193093,
    "layertype_0_bsz8_seq8192": 12.121864891052248,
    "layertype_other_bsz8_seq8192": 14.0070571899414,
    "layertype_0_bsz9_seq8192": 12.120143805609814,
    "layertype_other_bsz9_seq8192": 14.042538113064223,
    "layertype_0_bsz10_seq8192": 12.118016967773439,
    "layertype_other_bsz10_seq8192": 14.014555053710932,
    "layernum[2]_bsz1_seq1024": 7.21855354309082,
    "layernum[2]_bsz2_seq1024": 14.735104179382324,
    "layernum[2]_bsz3_seq1024": 17.656076812744136,
    "layernum[2]_bsz4_seq1024": 22.60792980194092,
    "layernum[2]_bsz5_seq1024": 26.871039962768556,
    "layernum[2]_bsz6_seq1024": 31.61499519348145,
    "layernum[2]_bsz7_seq1024": 36.00610580444336,
    "layernum[2]_bsz8_seq1024": 40.49571876525879,
    "layernum[2]_bsz9_seq1024": 45.05266799926758,
    "layernum[2]_bsz10_seq1024": 49.620431900024414,
    "layernum[2]_bsz11_seq1024": 54.286825561523436,
    "layernum[2]_bsz12_seq1024": 59.00577888488769,
    "layernum[4]_bsz1_seq1024": 15.389628791809082,
    "layernum[4]_bsz2_seq1024": 21.325104141235347,
    "layernum[4]_bsz3_seq1024": 28.02615356445313,
    "layernum[4]_bsz4_seq1024": 35.72011222839356,
    "layernum[4]_bsz5_seq1024": 42.8978042602539,
    "layernum[4]_bsz6_seq1024": 50.40513381958007,
    "layernum[4]_bsz7_seq1024": 58.16350440979005,
    "layernum[4]_bsz8_seq1024": 65.3135643005371,
    "layernum[4]_bsz9_seq1024": 72.81806716918945,
    "layernum[4]_bsz10_seq1024": 79.78903045654297,
    "layernum[4]_bsz11_seq1024": 88.11634979248046,
    "layernum[4]_bsz12_seq1024": 95.48737258911133,
    "layertype_0_bsz1_seq1024": 1.1798271179199213,
    "layertype_other_bsz1_seq1024": 4.858899307250978,
    "layertype_0_bsz2_seq1024": 1.6474999904632557,
    "layertype_other_bsz2_seq1024": 4.072552108764651,
    "layertype_0_bsz3_seq1024": 1.7283461252848322,
    "layertype_other_bsz3_seq1024": 2.4286666870117144,
    "layertype_0_bsz4_seq1024": 1.6390228033065801,
    "layertype_other_bsz4_seq1024": 2.3739368438720696,
    "layertype_0_bsz5_seq1024": 1.6026764297485343,
    "layertype_other_bsz5_seq1024": 2.168855133056643,
    "layertype_0_bsz6_seq1024": 1.5658448855082183,
    "layertype_other_bsz6_seq1024": 2.137476094563805,
    "layertype_0_bsz7_seq1024": 1.5826713289533352,
    "layertype_other_bsz7_seq1024": 1.978386742728095,
    "layertype_0_bsz8_seq1024": 1.5511153459548939,
    "layertype_other_bsz8_seq1024": 1.9597341537475614,
    "layertype_0_bsz9_seq1024": 1.5425221761067707,
    "layertype_other_bsz9_seq1024": 1.9208076477050784,
    "layertype_0_bsz10_seq1024": 1.508429927825928,
    "layertype_other_bsz10_seq1024": 1.9451833343505853,
    "layertype_0_bsz11_seq1024": 1.537705646861683,
    "layertype_other_bsz11_seq1024": 1.859754666415128,
    "layertype_0_bsz12_seq1024": 1.5200664043426517,
    "layertype_other_bsz12_seq1024": 1.877015431722004,
    "layernum[1]_bsz1_seq512": 4.54520320892334,
    "layernum[1]_bsz1_seq1024": 6.038726425170899,
    "layernum[1]_bsz1_seq1536": 7.340511989593505,
    "layernum[1]_bsz1_seq2048": 8.533414363861084,
    "layernum[1]_bsz1_seq2560": 9.996515369415285,
    "layernum[1]_bsz1_seq3072": 11.432851219177246,
    "layernum[1]_bsz1_seq3584": 13.155587100982666,
    "layernum[1]_bsz1_seq4096": 13.16532154083252,
    "layernum[1]_bsz1_seq4608": 14.576838397979737,
    "layernum[1]_bsz1_seq5120": 14.718364715576174,
    "layernum[1]_bsz1_seq5632": 16.003782463073733,
    "layernum[1]_bsz1_seq6144": 18.207865715026855,
    "layernum[1]_bsz1_seq6656": 19.44296970367432,
    "layernum[1]_bsz1_seq7168": 19.579619216918942,
    "layernum[1]_bsz1_seq7680": 21.008499336242675,
    "layernum[1]_bsz1_seq8192": 21.708310317993163,
    "layernum[1]_bsz1_seq8704": 29.16494045257568,
    "layernum[1]_bsz1_seq9216": 30.74235210418701,
    "layernum[1]_bsz1_seq9728": 32.22040061950684,
    "layernum[1]_bsz1_seq10240": 33.839942932128906,
    "layernum[1]_bsz1_seq10752": 35.65836486816406,
    "layernum[1]_bsz1_seq11264": 37.2024642944336,
    "layernum[1]_bsz1_seq11776": 38.87623672485351,
    "layernum[1]_bsz1_seq12288": 40.12021484375,
    "layernum[1]_bsz1_seq12800": 41.82877464294434,
    "layernum[1]_bsz1_seq13312": 43.347542953491214,
    "layernum[1]_bsz1_seq13824": 44.993708801269534,
    "layernum[1]_bsz1_seq14336": 46.42168006896972,
    "layernum[1]_bsz1_seq14848": 47.978480148315434,
    "layernum[1]_bsz1_seq15360": 49.63616981506348,
    "layernum[1]_bsz1_seq15872": 51.07442283630372,
    "layernum[1]_bsz1_seq16384": 52.90442276000977,
    "layernum[1]_bsz1_seq16896": 54.04663009643554,
    "layernum[1]_bsz1_seq17408": 56.06753273010254,
    "layernum[1]_bsz1_seq17920": 57.45931549072265,
    "layernum[1]_bsz1_seq18432": 59.281122970581045,
    "layernum[1]_bsz1_seq18944": 60.441311264038085,
    "layernum[1]_bsz1_seq19456": 61.994950485229495,
    "layernum[1]_bsz1_seq19968": 63.3829319000244,
    "layernum[1]_bsz1_seq20480": 65.28609619140626,
    "layernum[1]_bsz1_seq20992": 67.09125061035157,
    "layernum[1]_bsz1_seq21504": 68.55226593017579,
    "layernum[1]_bsz1_seq22016": 69.56872940063477,
    "layernum[1]_bsz1_seq22528": 71.35488815307617,
    "layernum[1]_bsz1_seq23040": 73.57799301147462,
    "layernum[1]_bsz1_seq23552": 74.40210494995117,
    "layernum[1]_bsz1_seq24064": 76.03936309814455,
    "layernum[1]_bsz1_seq24576": 78.22451477050782,
    "layernum[1]_bsz1_seq25088": 79.35142364501952,
    "layernum[1]_bsz1_seq25600": 80.69808578491212,
    "layernum[1]_bsz1_seq26112": 82.89320678710938,
    "layernum[1]_bsz1_seq26624": 83.79872665405271,
    "layernum[2]_bsz1_seq512": 5.747532749176025,
    "layernum[2]_bsz1_seq1536": 9.322918510437011,
    "layernum[2]_bsz1_seq2048": 10.063097476959227,
    "layernum[2]_bsz1_seq2560": 11.540860843658447,
    "layernum[2]_bsz1_seq3072": 12.564207935333252,
    "layernum[2]_bsz1_seq3584": 14.400995159149169,
    "layernum[2]_bsz1_seq4096": 17.226588726043698,
    "layernum[2]_bsz1_seq4608": 18.638307189941408,
    "layernum[2]_bsz1_seq5120": 19.00002880096436,
    "layernum[2]_bsz1_seq5632": 20.034291267395023,
    "layernum[2]_bsz1_seq6144": 21.657923316955564,
    "layernum[2]_bsz1_seq6656": 23.212617683410645,