{
    "layernum[2]_bsz1_seq8192": 28.03689613342285,
    "layernum[2]_bsz2_seq8192": 54.33357467651368,
    "layernum[2]_bsz3_seq8192": 79.75137634277344,
    "layernum[2]_bsz4_seq8192": 106.06498565673827,
    "layernum[2]_bsz5_seq8192": 131.76610412597657,
    "layernum[2]_bsz6_seq8192": 157.53567810058595,
    "layernum[2]_bsz7_seq8192": 183.40367584228514,
    "layernum[2]_bsz8_seq8192": 209.20090332031248,
    "layernum[2]_bsz9_seq8192": 236.20404663085938,
    "layernum[2]_bsz10_seq8192": 260.9595001220704,
    "layernum[4]_bsz1_seq8192": 40.46677436828613,
    "layernum[4]_bsz2_seq8192": 79.03095245361328,
    "layernum[4]_bsz3_seq8192": 116.51487731933594,
    "layernum[4]_bsz4_seq8192": 154.0615661621094,
    "layernum[4]_bsz5_seq8192": 192.20731658935546,
    "layernum[4]_bsz6_seq8192": 230.79703979492186,
    "layernum[4]_bsz7_seq8192": 268.2888793945312,
    "layernum[4]_bsz8_seq8192": 306.3194885253906,
    "layernum[4]_bsz9_seq8192": 344.9276184082031,
    "layernum[4]_bsz10_seq8192": 383.4549926757812,
    "layertype_0_bsz1_seq8192": 6.214939117431641,
    "layertype_other_bsz1_seq8192": 15.607017898559569,
    "layertype_0_bsz2_seq8192": 6.174344444274901,
    "layertype_other_bsz2_seq8192": 14.818098449707037,
    "layertype_0_bsz3_seq8192": 6.127250162760416,
    "layertype_other_bsz3_seq8192": 14.329291788736981,
    "layertype_0_bsz4_seq8192": 5.999572563171389,
    "layertype_other_bsz4_seq8192": 14.51710128784179,
    "layertype_0_bsz5_seq8192": 6.044121246337889,
    "layertype_other_bsz5_seq8192": 14.264978332519537,
    "layertype_0_bsz6_seq8192": 6.105113474527992,
    "layertype_other_bsz6_seq8192": 14.045719401041675,
    "layertype_0_bsz7_seq8192": 6.063228825160432,
    "layertype_other_bsz7_seq8192": 14.074067470005584,
    "layertype_0_bsz8_seq8192": 6.069911575317384,
    "layertype_other_bsz8_seq8192": 14.010289764404291,
    "layertype_0_bsz9_seq8192": 6.040198432074651,
    "layertype_other_bsz9_seq8192": 14.164497205946184,
    "layertype_0_bsz10_seq8192": 6.124774627685542,
    "layertype_other_bsz10_seq8192": 13.846400756835953,
    "layernum[2]_bsz1_seq1024": 10.093750381469725,
    "layernum[2]_bsz2_seq1024": 12.808495998382568,
    "layernum[2]_bsz3_seq1024": 15.756848049163816,
    "layernum[2]_bsz4_seq1024": 18.783900833129884,
    "layernum[2]_bsz5_seq1024": 23.642771339416505,
    "layernum[2]_bsz6_seq1024": 25.574710464477533,
    "layernum[2]_bsz7_seq1024": 28.826147079467773,
    "layernum[2]_bsz8_seq1024": 32.02714881896973,
    "layernum[2]_bsz9_seq1024": 61.49919204711914,
    "layernum[2]_bsz10_seq1024": 38.86774444580078,
    "layernum[2]_bsz11_seq1024": 42.26540107727052,
    "layernum[2]_bsz12_seq1024": 45.2546947479248,
    "layernum[4]_bsz1_seq1024": 13.24077444076538,
    "layernum[4]_bsz2_seq1024": 18.649235343933107,
    "layernum[4]_bsz3_seq1024": 22.80918388366699,
    "layernum[4]_bsz4_seq1024": 27.678985786437995,
    "layernum[4]_bsz5_seq1024": 32.719395446777334,
    "layernum[4]_bsz6_seq1024": 37.583885192871094,
    "layernum[4]_bsz7_seq1024": 43.307426834106444,
    "layernum[4]_bsz8_seq1024": 47.43691215515136,
    "layernum[4]_bsz9_seq1024": 53.05477447509765,
    "layernum[4]_bsz10_seq1024": 57.21766700744628,
    "layernum[4]_bsz11_seq1024": 61.46623992919922,
    "layernum[4]_bsz12_seq1024": 66.52877044677734,
    "layertype_0_bsz1_seq1024": 1.5735120296478273,
    "layertype_other_bsz1_seq1024": 6.9467263221740705,
    "layertype_0_bsz2_seq1024": 1.4601848363876346,
    "layertype_other_bsz2_seq1024": 3.483878326416015,
    "layertype_0_bsz3_seq1024": 1.175389305750529,
    "layertype_other_bsz3_seq1024": 2.9015040715535476,
    "layertype_0_bsz4_seq1024": 1.1118856191635138,
    "layertype_other_bsz4_seq1024": 2.4722039699554434,
    "layertype_0_bsz5_seq1024": 0.9076624107360829,
    "layertype_other_bsz5_seq1024": 2.9132294464111355,
    "layertype_0_bsz6_seq1024": 1.0007645606994633,
    "layertype_other_bsz6_seq1024": 2.260922622680662,
    "layertype_0_bsz7_seq1024": 1.0343771253313336,
    "layertype_other_bsz7_seq1024": 2.049266760689872,
    "layertype_0_bsz8_seq1024": 0.9631102085113521,
    "layertype_other_bsz8_seq1024": 2.077173185348512,
    "layertype_0_bsz9_seq1024": -0.46913430955674923,
    "layertype_other_bsz9_seq1024": 7.771512179904515,
    "layertype_0_bsz10_seq1024": 0.917496128082275,
    "layertype_other_bsz10_seq1024": 2.0517821884155283,
    "layertype_0_bsz11_seq1024": 0.8727654023603955,
    "layertype_other_bsz11_seq1024": 2.096778384121983,
    "layertype_0_bsz12_seq1024": 0.8864198207855226,
    "layertype_other_bsz12_seq1024": 1.9983849207560216
}