{
    "layernum[2]_bsz1_seq2048": 9.64129285812378,
    "layernum[2]_bsz2_seq2048": 14.4381760597229,
    "layernum[2]_bsz3_seq2048": 20.150582313537594,
    "layernum[2]_bsz4_seq2048": 25.817721366882328,
    "layernum[2]_bsz5_seq2048": 30.572291374206547,
    "layernum[2]_bsz6_seq2048": 36.34303359985352,
    "layernum[2]_bsz7_seq2048": 41.820535278320314,
    "layernum[2]_bsz8_seq2048": 47.68958702087402,
    "layernum[2]_bsz9_seq2048": 52.818729782104484,
    "layernum[2]_bsz10_seq2048": 58.65523872375489,
    "layernum[2]_bsz11_seq2048": 64.22215690612794,
    "layernum[2]_bsz12_seq2048": 69.84269409179687,
    "layernum[4]_bsz1_seq2048": 11.83130874633789,
    "layernum[4]_bsz2_seq2048": 19.56506881713867,
    "layernum[4]_bsz3_seq2048": 27.035792350769047,
    "layernum[4]_bsz4_seq2048": 34.914854431152335,
    "layernum[4]_bsz5_seq2048": 41.947254562377935,
    "layernum[4]_bsz6_seq2048": 49.96221504211426,
    "layernum[4]_bsz7_seq2048": 57.21789131164551,
    "layernum[4]_bsz8_seq2048": 65.36983032226561,
    "layernum[4]_bsz9_seq2048": 72.67299652099608,
    "layernum[4]_bsz10_seq2048": 81.00113449096679,
    "layernum[4]_bsz11_seq2048": 88.31039428710938,
    "layernum[4]_bsz12_seq2048": 95.76760711669921,
    "layertype_0_bsz1_seq2048": 1.0950079441070546,
    "layertype_other_bsz1_seq2048": 7.451276969909671,
    "layertype_0_bsz2_seq2048": 1.2817231893539422,
    "layertype_other_bsz2_seq2048": 4.655641651153566,
    "layertype_0_bsz3_seq2048": 1.147535006205242,
    "layertype_other_bsz3_seq2048": 4.421790758768714,
    "layertype_0_bsz4_seq2048": 1.137141633033751,
    "layertype_other_bsz4_seq2048": 4.18014707565308,
    "layertype_0_bsz5_seq2048": 1.137496318817139,
    "layertype_other_bsz5_seq2048": 3.8394656372070317,
    "layertype_0_bsz6_seq2048": 1.1349317868550617,
    "layertype_other_bsz6_seq2048": 3.7873086929321302,
    "layertype_0_bsz7_seq2048": 1.0998111452375139,
    "layertype_other_bsz7_seq2048": 3.77473989214216,
    "layertype_0_bsz8_seq2048": 1.1050152063369745,
    "layertype_other_bsz8_seq2048": 3.751167964935304,
    "layertype_0_bsz9_seq2048": 1.1030148188273108,
    "layertype_other_bsz9_seq2048": 3.662718115912543,
    "layertype_0_bsz10_seq2048": 1.117294788360595,
    "layertype_other_bsz10_seq2048": 3.630934295654299,
    "layertype_0_bsz11_seq2048": 1.0949198809537017,
    "layertype_other_bsz11_seq2048": 3.6485381386496814,
    "layertype_0_bsz12_seq2048": 1.0802047093709308,
    "layertype_other_bsz12_seq2048": 3.659815088907878
}