{
    "1_1_8_sp": {
        "layernum[1]_bsz8_seq1024_rank0_ms": 854.76904296875,
        "layernum[1]_bsz8_seq1024_rank0_act": 261.013671875,
        "layernum[1]_bsz8_seq1024_rank0_act_peak": 1361.501953125,
        "layernum[1]_bsz8_seq1024_rank7_ms": 854.76904296875,
        "layernum[1]_bsz8_seq1024_rank7_act": 261.013671875,
        "layernum[1]_bsz8_seq1024_rank7_act_peak": 1361.501953125,
        "layernum[2]_bsz8_seq1024_rank0_ms": 1190.76904296875,
        "layernum[2]_bsz8_seq1024_rank0_act": 381.013671875,
        "layernum[2]_bsz8_seq1024_rank0_act_peak": 1707.501953125,
        "layernum[2]_bsz8_seq1024_rank7_ms": 1190.76904296875,
        "layernum[2]_bsz8_seq1024_rank7_act": 381.013671875,
        "layernum[2]_bsz8_seq1024_rank7_act_peak": 1707.501953125,
        "layernum[1]_bsz8_seq2048_rank0_ms": 857.27685546875,
        "layernum[1]_bsz8_seq2048_rank0_act": 522.0263671875,
        "layernum[1]_bsz8_seq2048_rank0_act_peak": 1361.501953125,
        "layernum[1]_bsz8_seq2048_rank7_ms": 857.27685546875,
        "layernum[1]_bsz8_seq2048_rank7_act": 522.0263671875,
        "layernum[1]_bsz8_seq2048_rank7_act_peak": 1361.501953125,
        "layernum[2]_bsz8_seq2048_rank0_ms": 1193.27685546875,
        "layernum[2]_bsz8_seq2048_rank0_act": 762.0263671875,
        "layernum[2]_bsz8_seq2048_rank0_act_peak": 1715.501953125,
        "layernum[2]_bsz8_seq2048_rank7_ms": 1193.27685546875,
        "layernum[2]_bsz8_seq2048_rank7_act": 762.0263671875,
        "layernum[2]_bsz8_seq2048_rank7_act_peak": 1715.501953125
    },
    "1_2_4_sp": {
        "layernum[1]_bsz8_seq1024_rank0_ms": 854.76904296875,
        "layernum[1]_bsz8_seq1024_rank0_act": 261.013671875,
        "layernum[1]_bsz8_seq1024_rank0_act_peak": 1361.501953125,
        "layernum[1]_bsz8_seq1024_rank7_ms": 854.76904296875,
        "layernum[1]_bsz8_seq1024_rank7_act": 261.013671875,
        "layernum[1]_bsz8_seq1024_rank7_act_peak": 1361.501953125,
        "layernum[2]_bsz8_seq1024_rank0_ms": 1190.76904296875,
        "layernum[2]_bsz8_seq1024_rank0_act": 381.013671875,
        "layernum[2]_bsz8_seq1024_rank0_act_peak": 1707.501953125,
        "layernum[2]_bsz8_seq1024_rank7_ms": 1190.76904296875,
        "layernum[2]_bsz8_seq1024_rank7_act": 381.013671875,
        "layernum[2]_bsz8_seq1024_rank7_act_peak": 1707.501953125,
        "layernum[1]_bsz8_seq2048_rank0_ms": 857.27685546875,
        "layernum[1]_bsz8_seq2048_rank0_act": 522.0263671875,
        "layernum[1]_bsz8_seq2048_rank0_act_peak": 1361.501953125,
        "layernum[1]_bsz8_seq2048_rank7_ms": 857.27685546875,
        "layernum[1]_bsz8_seq2048_rank7_act": 522.0263671875,
        "layernum[1]_bsz8_seq2048_rank7_act_peak": 1361.501953125,
        "layernum[2]_bsz8_seq2048_rank0_ms": 1193.27685546875,
        "layernum[2]_bsz8_seq2048_rank0_act": 762.0263671875,
        "layernum[2]_bsz8_seq2048_rank0_act_peak": 1715.501953125,
        "layernum[2]_bsz8_seq2048_rank7_ms": 1193.27685546875,
        "layernum[2]_bsz8_seq2048_rank7_act": 762.0263671875,
        "layernum[2]_bsz8_seq2048_rank7_act_peak": 1715.501953125
    },
    "1_4_2_sp": {
        "layernum[1]_bsz8_seq1024_rank0_ms": 854.76904296875,
        "layernum[1]_bsz8_seq1024_rank0_act": 262.388671875,
        "layernum[1]_bsz8_seq1024_rank0_act_peak": 1361.501953125,
        "layernum[1]_bsz8_seq1024_rank7_ms": 854.76904296875,
        "layernum[1]_bsz8_seq1024_rank7_act": 262.388671875,
        "layernum[1]_bsz8_seq1024_rank7_act_peak": 1361.501953125,
        "layernum[2]_bsz8_seq1024_rank0_ms": 1190.76904296875,
        "layernum[2]_bsz8_seq1024_rank0_act": 381.013671875,
        "layernum[2]_bsz8_seq1024_rank0_act_peak": 1707.501953125,
        "layernum[2]_bsz8_seq1024_rank7_ms": 1190.76904296875,
        "layernum[2]_bsz8_seq1024_rank7_act": 381.013671875,
        "layernum[2]_bsz8_seq1024_rank7_act_peak": 1707.501953125,
        "layernum[1]_bsz8_seq2048_rank0_ms": 857.27685546875,
        "layernum[1]_bsz8_seq2048_rank0_act": 523.0263671875,
        "layernum[1]_bsz8_seq2048_rank0_act_peak": 1361.501953125,
        "layernum[1]_bsz8_seq2048_rank7_ms": 857.27685546875,
        "layernum[1]_bsz8_seq2048_rank7_act": 523.0263671875,
        "layernum[1]_bsz8_seq2048_rank7_act_peak": 1361.501953125,
        "layernum[2]_bsz8_seq2048_rank0_ms": 1193.27685546875,
        "layernum[2]_bsz8_seq2048_rank0_act": 762.0263671875,
        "layernum[2]_bsz8_seq2048_rank0_act_peak": 1715.501953125,
        "layernum[2]_bsz8_seq2048_rank7_ms": 1193.27685546875,
        "layernum[2]_bsz8_seq2048_rank7_act": 762.0263671875,
        "layernum[2]_bsz8_seq2048_rank7_act_peak": 1715.501953125
    },
    "1_8_1_sp": {
        "layernum[1]_bsz8_seq1024_rank0_ms": 854.76904296875,
        "layernum[1]_bsz8_seq1024_rank0_act": 261.013671875,
        "layernum[1]_bsz8_seq1024_rank0_act_peak": 1361.501953125,
        "layernum[1]_bsz8_seq1024_rank7_ms": 854.76904296875,
        "layernum[1]_bsz8_seq1024_rank7_act": 261.013671875,
        "layernum[1]_bsz8_seq1024_rank7_act_peak": 1361.501953125,
        "layernum[2]_bsz8_seq1024_rank0_ms": 1190.76904296875,
        "layernum[2]_bsz8_seq1024_rank0_act": 381.013671875,
        "layernum[2]_bsz8_seq1024_rank0_act_peak": 1707.501953125,
        "layernum[2]_bsz8_seq1024_rank7_ms": 1190.76904296875,
        "layernum[2]_bsz8_seq1024_rank7_act": 381.013671875,
        "layernum[2]_bsz8_seq1024_rank7_act_peak": 1707.501953125,
        "layernum[1]_bsz8_seq2048_rank0_ms": 857.27685546875,
        "layernum[1]_bsz8_seq2048_rank0_act": 522.0263671875,
        "layernum[1]_bsz8_seq2048_rank0_act_peak": 1361.501953125,
        "layernum[1]_bsz8_seq2048_rank7_ms": 857.27685546875,
        "layernum[1]_bsz8_seq2048_rank7_act": 522.0263671875,
        "layernum[1]_bsz8_seq2048_rank7_act_peak": 1361.501953125,
        "layernum[2]_bsz8_seq2048_rank0_ms": 1193.27685546875,
        "layernum[2]_bsz8_seq2048_rank0_act": 762.0263671875,
        "layernum[2]_bsz8_seq2048_rank0_act_peak": 1715.501953125,
        "layernum[2]_bsz8_seq2048_rank7_ms": 1193.27685546875,
        "layernum[2]_bsz8_seq2048_rank7_act": 762.0263671875,
        "layernum[2]_bsz8_seq2048_rank7_act_peak": 1715.501953125
    },
    "1_1_8_c_sp": {
        "layernum[1]_bsz8_seq1024_rank0_ms": 854.76904296875,
        "layernum[1]_bsz8_seq1024_rank0_act": 149.013671875,
        "layernum[1]_bsz8_seq1024_rank0_act_peak": 1143.515625,
        "layernum[1]_bsz8_seq1024_rank7_ms": 854.76904296875,
        "layernum[1]_bsz8_seq1024_rank7_act": 149.013671875,
        "layernum[1]_bsz8_seq1024_rank7_act_peak": 1143.515625,
        "layernum[2]_bsz8_seq1024_rank0_ms": 1190.76904296875,
        "layernum[2]_bsz8_seq1024_rank0_act": 157.013671875,
        "layernum[2]_bsz8_seq1024_rank0_act_peak": 1153.515625,
        "layernum[2]_bsz8_seq1024_rank7_ms": 1190.76904296875,
        "layernum[2]_bsz8_seq1024_rank7_act": 157.013671875,
        "layernum[2]_bsz8_seq1024_rank7_act_peak": 1153.515625,
        "layernum[1]_bsz8_seq2048_rank0_ms": 857.27685546875,
        "layernum[1]_bsz8_seq2048_rank0_act": 298.0263671875,
        "layernum[1]_bsz8_seq2048_rank0_act_peak": 1175.515625,
        "layernum[1]_bsz8_seq2048_rank7_ms": 857.27685546875,
        "layernum[1]_bsz8_seq2048_rank7_act": 298.0263671875,
        "layernum[1]_bsz8_seq2048_rank7_act_peak": 1175.515625,
        "layernum[2]_bsz8_seq2048_rank0_ms": 1193.27685546875,
        "layernum[2]_bsz8_seq2048_rank0_act": 314.0263671875,
        "layernum[2]_bsz8_seq2048_rank0_act_peak": 1193.515625,
        "layernum[2]_bsz8_seq2048_rank7_ms": 1193.27685546875,
        "layernum[2]_bsz8_seq2048_rank7_act": 314.0263671875,
        "layernum[2]_bsz8_seq2048_rank7_act_peak": 1193.515625
    },
    "2_1_4_sp": {
        "layernum[2]_bsz8_seq1024_rank0_ms": 1192.7841796875,
        "layernum[2]_bsz8_seq1024_rank0_act": 255.98486328125,
        "layernum[2]_bsz8_seq1024_rank0_act_peak": 1246.00048828125,